<?xml version="1.0" encoding="UTF-8" standalone="yes"?>
<addon id="plugin.video.NetStreams" name="[B][COLOR white]Net[/COLOR][/B][B][COLOR blueviolet]Streams[/COLOR][B] [B][COLOR white]AIO[/COLOR][/B]" version="3.5" provider-name="@KodinityTV">
    <requires>
        <import addon="xbmc.python" version="2.19.0" />
        <import addon="script.module.nanscrapers" version="0.5.5" />
        <import addon="script.module.python.koding.aio" version="0.9.6.6" />
        <import addon="script.module.beautifulsoup" version="3.2.1" />
        <import addon="script.module.requests" version="2.9.1" />
        <import addon="script.module.addon.common" version="2.0.0" />
        <import addon="script.module.xmltodict" version="0.9.0" />
        <!--<import addon="script.module.web-pdb" version="1.0"/>-->
        <import addon="script.module.urlresolver" version="1.2.0" />
		<import addon="plugin.video.SportsDevil" version="" />
		<import addon="plugin.video.youtube" version="" />
		<import addon="script.module.netstreams.iptv" version="" />
    </requires>
    <extension point="xbmc.python.pluginsource" library="default.py">
        <provides>audio video</provides>
    </extension>
    <extension point="xbmc.service" library="service.py" start="[login|startup]" />
    <extension point="xbmc.addon.metadata">
      <summary lang="en">[B][COLOR white]Net[/COLOR][/B][B][COLOR blueviolet]Streams[/COLOR][B][B][COLOR white] AIO[/COLOR][/B]</summary>
      <description lang="en">[B][COLOR white]V3.3 - AceStream Sports Links Fixed l V3.4 - NetStreams IPTV Added l Twitter = @KodinityTV l[/COLOR][/B] [B][COLOR blueviolet]Special Thanks To @JudgementWiz For All The Help![/COLOR][/B]</description>
      <disclaimer lang="en">The author does not host or own any content found within this Addon. The author is not connected to or in any other way affiliated with Kodi, Team Kodi, or the XBMC Foundation.</disclaimer>
      <platform>all</platform>
    </extension>
</addon>