<?xml version="1.0" encoding="UTF-8" standalone="yes"?>
<addon id="plugin.video.verdict" name="Verdict" version="1.0" provider-name="Judgement">
    <requires>
        <import addon="xbmc.python" version="2.19.0" />
        <import addon="script.module.nanscrapers" version="0.5.5" />
        <import addon="script.module.python.koding.aio" version="0.9.6.6" />
        <import addon="script.module.beautifulsoup" version="3.2.1" />
        <import addon="script.module.requests" version="2.9.1" />
        <import addon="script.module.addon.common" version="2.0.0" />
        <import addon="script.module.xmltodict" version="0.9.0" />
        <!--<import addon="script.module.web-pdb" version="1.0"/>-->
        <import addon="script.module.urlresolver" version="1.2.0" />
		<import addon="script.module.verdict" version="" />
		<import addon="script.module.verdict.iptv" version="" />
		<import addon="script.module.verdict.live.nettv" version="" />
		<import addon="script.module.verdict.uktv.now" version="" />
		<import addon="plugin.video.SportsDevil" version="" />
		<import addon="plugin.video.f4mTester" version="" />
		<import addon="plugin.video.youtube" version="" />
		<import addon="plugin.video.bbciplayer" version="" />
		<import addon="plugin.video.irish.tv" version="" />
		<import addon="plugin.video.itv" version="" />
		<import addon="plugin.video.uktvplay" version="" />
    </requires>
    <extension point="xbmc.python.pluginsource" library="default.py">
        <provides>video</provides>
    </extension>
    <extension point="xbmc.service" library="service.py" start="[login|startup]" />
    <extension point="xbmc.addon.metadata">
    <summary lang="en">Verdict - Bringing Media To You!</summary>
    <description lang="en">Verdict - Bringing Media To You! Kodi 17+ is Recommended!</description>
	<disclaimer lang="en">The author does not host or own any content found within this Addon. The Author is not connected to or in any other way affiliated with Kodi, Team Kodi, or the XBMC Foundation.</disclaimer>
    <platform>all</platform>
	<news>Special Thanks To Midraal, RACC, Catchup4Kodi And sClarke! Credit To Them!</news>
  </extension>
</addon>
